Complaint #,Description,Label
1,Charged for a first-class ticket when I booked and traveled in coach class.,Billing Issue
2,The advertised fare did not match the final price I paid at checkout.,Billing Issue
3,Charged extra for a seat selection I didn't choose.,Billing Issue
4,"Discount code for seniors, students, or military was not applied during billing.",Billing Issue
5,Credit card charged twice for the same train ticket.,Billing Issue
6,Debited for a ticket I never purchased.,Billing Issue
7,Billed for a service (like meals) I opted out of during the reservation process.,Billing Issue
8,Charged a hidden fee for luggage that wasn't mentioned during booking.,Billing Issue
9,"Fare displayed in one currency, but charged in a different one at a less favorable rate.",Billing Issue
10,Currency conversion during the billing process resulted in an unexpected additional charge.,Billing Issue
11,"Canceled trip well within the refund window, but haven't received my money back.",Billing Issue
12,Refund amount received was less than what I was originally charged.,Billing Issue
13,Refund request denied even though I met all the cancellation policy requirements.,Billing Issue
14,Refund process is taking an unreasonably long time.,Billing Issue
15,Charged a change fee for modifying my travel date that was much higher than expected.,Billing Issue
16,Charged a fee even though I changed my ticket according to the company's policy.,Billing Issue
17,Payment method declined even though there are sufficient funds available.,Billing Issue
18,Train company charged an international transaction fee without informing me.,Billing Issue
19,"Purchased multiple tickets for the same journey, but they were not linked together.",Billing Issue
20,Group's split ticket reservations resulted in incorrect seat assignments.,Billing Issue
21,Charged for a service upgrade I never requested.,Billing Issue
22,Billed for additional passengers even though I was traveling alone.,Billing Issue
23,"Mistake in the passenger information on the ticket, leading to billing errors.",Billing Issue
24,Booking confirmation details don't match the final charges.,Billing Issue
25,Charged for a missed train connection due to a delay caused by the train company.,Billing Issue
26,Charged for both the original ticket and the rebooked ticket after a train cancellation.,Billing Issue
27,Train company refusing to refund my ticket for a canceled train due to unforeseen circumstances.,Billing Issue
28,"Unable to travel due to a medical emergency, but refund request was denied.",Billing Issue
29,Charged for checked baggage even though it was supposed to be included in the ticket price.,Billing Issue
30,Billed for a platform ticket I didn't purchase.,Billing Issue
31,"Unable to pay for the ticket due to a system error, but still received a debit notification.",Billing Issue
32,Train company charged for a missed connection despite pre-booked onward travel.,Billing Issue
33,"Incorrect discount applied, resulting in a higher fare than expected.",Billing Issue
34,Loyalty points not reflected in the final billing amount.,Billing Issue
35,Charged for seat reservations that were not confirmed.,Billing Issue
36,Unable to claim a travel voucher due to billing issues.,Billing Issue
37,Booking fees not clearly communicated during the purchase process.,Billing Issue
38,Inconsistent tax charges applied to the final bill.,Billing Issue
39,Difficulty contacting customer service regarding a billing issue.,Billing Issue
40,Unclear instructions on how to dispute a billing error.,Billing Issue
41,"Website malfunction prevented completion of the booking, but payment still processed.",Billing Issue
42,Charged for a ticket that was later canceled by the train company.,Billing Issue
43,Unable to access or download a copy of the e-ticket due to a billing problem.,Billing Issue
44,Discrepancy between the mobile app and website pricing for the same ticket.,Billing Issue
45,Unexpected charges applied to a pre-paid ticket.,Billing Issue
46,Incorrect seat assignment despite paying for a specific seat selection.,Billing Issue
47,Billing issue caused missed boarding due to confusion over ticket validity.,Billing Issue
48,Difficulty using a travel credit to pay for a new ticket.,Billing Issue
49,Inconsistent application of promotional offers during checkout.,Billing Issue
50,Missing information on the bill regarding the breakdown of charges.,Billing Issue
51,Charged for a service interruption or delay that was outside of passenger control.,Billing Issue
52,"Ticket wouldn't scan at gate, causing boarding delay.",Defective Products
53,Incorrect printed information on ticket (missing carriage number).,Defective Products
54,"Received duplicate ticket, only one valid, leading to confusion.",Defective Products
55,Ticket lacked tear-away sections for boarding and baggage claim.,Defective Products
56,"Security features on ticket seemed tampered with, raising concerns.",Defective Products
57,"Online schedule displayed incorrect departure time, missed train.",Defective Products
58,Train arrived significantly later than advertised schedule.,Defective Products
59,"Posted schedule omitted crucial information (platform changes, stoppages).",Defective Products
60,"Inconsistent announcements contradicted online schedule, causing confusion.",Defective Products
61,"Train skipped stations listed on official schedule, leaving passengers stranded.",Defective Products
62,"Confirmed reservation vanished from system, leaving me without a seat.",Defective Products
63,"System double-booked my ticket, requiring alternative arrangements.",Defective Products
64,Unable to modify reservation online despite website claiming it was possible.,Defective Products
65,"System wouldn't recognize valid promo code, leading to higher ticket price.",Defective Products
66,"Online reservation system crashed while processing payment, unsure of confirmation.",Defective Products
67,"Ticket machine dispensed a blank ticket, rendering it unusable for boarding.",Defective Products
68,Ticket purchased at kiosk lacked magnetic strip for automated gates.,Defective Products
69,"Mobile ticket app wouldn't display QR code correctly, causing boarding difficulties.",Defective Products
70,"Ticket machine malfunctioned, swallowed cash payment without issuing a ticket.",Defective Products
71,Ticket printed at self-service kiosk contained errors in passenger information.,Defective Products
72,"Train departed early without any prior announcement, leaving passengers behind.",Defective Products
73,"Displayed platform number for train kept changing, causing last-minute chaos.",Defective Products
74,"Train announcement system malfunctioned, unable to hear station information.",Defective Products
75,Online schedule failed to update regarding unexpected train cancellations.,Defective Products
76,"Train arrived at the wrong platform, causing confusion and a race to board the correct one.",Defective Products
77,"System wouldn't allow choosing specific seats, even though supposedly available.",Defective Products
78,"Received multiple confirmation emails for the same reservation, creating uncertainty.",Defective Products
79,System wouldn't recognize loyalty points for a discount.,Defective Products
80,Chosen dietary preferences for meal service weren't reflected in the reservation.,Defective Products
81,System processed a different route than the one selected during reservation.,Defective Products
82,"Ticket machine printed a ticket with a blurry barcode, causing validation issues.",Defective Products
83,"Ticket lacked crucial information like the train number, making it difficult to find the platform.",Defective Products
84,Ticket purchased online was missing the security code needed for verification.,Defective Products
85,"Ticket printed at a station kiosk was damaged during printing, rendering it unusable.",Defective Products
86,Ticket machine dispensed a ticket for a different date than the one selected.,Defective Products
87,"Train displayed an incorrect destination sign, causing confusion among passengers.",Defective Products
88,Online schedule failed to mention planned maintenance work that caused delays.,Defective Products
89,Train announcement system provided inaccurate information about connecting trains.,Defective Products
90,Scheduled arrival time on the platform board significantly differed from the online schedule.,Defective Products
91,Train bypassed intended destination station without any prior notification.,Defective Products
92,System assigned a seat that was already occupied by another passenger.,Defective Products
93,Reservation system wouldn't allow adding additional passengers to the booking.,Defective Products
94,Chosen language preference for onboard announcements wasn't reflected,Defective Products
95,Staff member provided rude and dismissive responses to inquiries.,Service Complaints
96,Waited an unreasonable amount of time for assistance at the customer service counter.,Service Complaints
97,Train attendant made no effort to address passenger discomfort during a long delay.,Service Complaints
98,Repeated attempts to contact customer service via phone resulted in busy lines.,Service Complaints
99,Website's online chat support feature was unavailable when needed.,Service Complaints
100,Staff member displayed a lack of knowledge about train schedules and ticketing options.,Service Complaints
101,Complaint email regarding a service issue received no response.,Service Complaints
102,Information provided by staff regarding a service issue was inaccurate or misleading.,Service Complaints
103,Train conductor made no announcements regarding the reason for a significant delay.,Service Complaints
104,"Staff member refused to help with a luggage issue, directing me elsewhere.",Service Complaints
105,Customer service representative was unhelpful and dismissive during a phone call.,Service Complaints
106,Onboard staff provided no assistance to passengers with disabilities.,Service Complaints
107,Repeatedly placed on hold for extended periods when calling customer service.,Service Complaints
108,Complaint tweet regarding a service issue was ignored by the official train company account.,Service Complaints
109,Station staff provided conflicting information about platform changes.,Service Complaints
110,"Train announcement system malfunctioned, leaving passengers uninformed about delays.",Service Complaints
111,Staff member argued with a passenger instead of trying to resolve their complaint.,Service Complaints
112,Website offered no clear options for filing a formal service complaint.,Service Complaints
113,Customer service representative used unprofessional language during a phone call.,Service Complaints
114,Train attendant offered no alternative options when a food service item was unavailable.,Service Complaints
115,Station staff provided no assistance to a passenger who missed their train due to a delay.,Service Complaints
116,Waited for over an hour on hold before reaching a customer service representative.,Service Complaints
117,Received a generic automated response to a detailed email complaint.,Service Complaints
118,Train attendant displayed impatience and hostility when dealing with a passenger inquiry.,Service Complaints
119,"Website's ""Help Center"" section lacked relevant information for my service issue.",Service Complaints
120,Complaint voicemail box for customer service was full and wouldn't accept messages.,Service Complaints
121,Staff member seemed disinterested in helping and offered minimal assistance.,Service Complaints
122,Train conductor made no attempt to maintain order or address disruptive passengers.,Service Complaints
123,Customer service representative made promises regarding a resolution that were not kept.,Service Complaints
124,Website crashed while attempting to submit a service complaint online.,Service Complaints
125,Staff member blamed passengers for a train delay caused by a technical issue.,Service Complaints
126,Onboard announcements were unclear and difficult to understand.,Service Complaints
127,Repeated emails to customer service received no response or resolution.,Service Complaints
128,Station staff provided no information on alternative travel options due to a cancellation.,Service Complaints
129,Rude remarks and discriminatory behavior from a staff member.,Service Complaints
130,Train attendant offered no help to a passenger with a medical emergency.,Service Complaints
131,No clear signage or information available regarding platform changes.,Service Complaints
132,Inconsistent information provided by different staff members regarding the same issue.,Service Complaints
133,Complaint left on the train company's social media page was met with negative comments from other users.,Service Complaints
134,Customer service representative hung up the phone abruptly during a conversation.,Service Complaints
135,Website's FAQ section offered no answers to my specific service complaint.,Service Complaints
136,Station staff seemed overwhelmed and unable to manage passenger inquiries effectively.,Service Complaints
137,"Train announcement system malfunctioned, causing confusion and panic among passengers.",Service Complaints
138,Staff member ignored my questions,Service Complaints
139,"Payment went through for a ticket, but no confirmation or ticket received.",Booking Issues
140,"Booking system malfunctioned, charged for a non-existent reservation.",Booking Issues
141,"Website crashed during checkout, unsure if ticket purchase was successful.",Booking Issues
142,"Attempted booking resulted in an error message, unclear on how to proceed.",Booking Issues
143,Ticket purchased online never arrived via email as promised.,Booking Issues
144,"Received a confirmation email with incorrect travel details (date, time, destination).",Booking Issues
145,"Tried to modify an existing reservation, but the system wouldn't allow changes.",Booking Issues
146,Unable to cancel a booking online despite being within the cancellation window.,Booking Issues
147,"Canceled a trip, but no refund was processed for the ticket.",Booking Issues
148,Booking system double-booked the same seat for multiple passengers.,Booking Issues
149,Website wouldn't recognize a valid discount code during checkout.,Booking Issues
150,"Attempted to book a ticket, but the system displayed no available seats for the chosen route/date (despite showing availability earlier).",Booking Issues
151,Booking confirmation email contained a broken link to the e-ticket download page.,Booking Issues
152,Received a notification that my booking was canceled due to unknown reasons.,Booking Issues
153,"Unable to select specific seats during the booking process, even though advertised as available.",Booking Issues
154,Chosen travel insurance option wasn't reflected in the final booking confirmation.,Booking Issues
155,Ticket purchased at a self-service kiosk wouldn't scan at the departure gate (potentially due to a ticketing system error).,Booking Issues
156,Booking system wouldn't allow adding additional luggage to an existing reservation.,Booking Issues
157,"Attempted to use a travel voucher for booking, but the system wouldn't accept it due to unknown reasons.",Booking Issues
158,"Booking confirmation email arrived significantly later than expected, causing concern about the validity of the booking.",Booking Issues
159,"Canceled a booking within the allowed timeframe, but received a partial refund only (no explanation provided).",Booking Issues
160,"Website wouldn't allow booking a ticket for a specific passenger type (child, senior) despite advertised options.",Booking Issues
161,"Attempted to book a connecting journey, but the system wouldn't display combined ticket options, forcing separate bookings.",Booking Issues
162,Booking system processed a ticket for a different route than the one originally selected (no explanation provided).,Booking Issues
163,"Received multiple booking confirmation emails for the same travel itinerary, causing confusion.",Booking Issues
164,"Unable to change a passenger name on a booking despite extenuating circumstances (e.g., illness), incurring additional fees.",Booking Issues
165,"Booking system wouldn't allow selecting a preferred meal option during the reservation process, despite advertised choices.",Booking Issues
166,"Attempted to book a group ticket, but the system wouldn't allow assigning seats together, causing inconvenience.",Booking Issues
167,"Booking confirmation email arrived with a misspelled passenger name, potentially causing issues at boarding.",Booking Issues
168,Website displayed an error message after entering valid passenger information repeatedly.,Booking Issues
169,"Mobile booking app malfunctioned during checkout, preventing successful ticket purchase.",Booking Issues
170,"Booking system wouldn't allow selecting a specific departure station, limiting travel options.",Booking Issues
171,"Attempted to redeem loyalty points for a discount during booking, but the system encountered an error.",Booking Issues
172,Booking confirmation email lacked crucial information like the train number or carriage details.,Booking Issues
173,Website redirected users to a non-functional booking page during the reservation process.,Booking Issues
174,Train experienced an unexpected delay with no prior announcement or explanation.,Train Delays
175,"Frequent delays on the same route became a recurring issue, disrupting travel plans.",Train Delays
176,"Train announcement system malfunctioned, leaving passengers uninformed about the reason for a delay.",Train Delays
177,"Information screens at the station displayed inaccurate delay times, causing confusion.",Train Delays
178,Train journey significantly exceeded the scheduled travel time due to an unexplained delay.,Train Delays
179,Missed connecting transportation due to a train delay the company did not acknowledge.,Train Delays
180,Repeated announcements regarding a minor delay kept changing the estimated arrival time.,Train Delays
181,Train conductor offered no explanation or apology for a lengthy and unexpected delay.,Train Delays
182,Website and mobile app displayed conflicting information regarding train delays.,Train Delays
183,"Station staff provided inaccurate updates on the duration of the delay, causing frustration.",Train Delays
184,"Train experienced multiple delays throughout the journey, significantly impacting travel time.",Train Delays
185,No alternative travel options were offered during a significant train delay.,Train Delays
186,"Information boards displayed outdated arrival times, failing to reflect the ongoing delay.",Train Delays
187,"Train departure was delayed due to technical issues, but no estimated wait time was provided.",Train Delays
188,Public announcements regarding the delay were unclear and difficult to understand.,Train Delays
189,"Information screens malfunctioned, displaying no updates on the ongoing train delay.",Train Delays
190,Missed important appointments or events due to a frequent occurrence of train delays.,Train Delays
191,Train company offered no compensation for significant delays caused by unforeseen circumstances.,Train Delays
192,Station staff were unable to answer passenger inquiries regarding the reason for a delay.,Train Delays
193,"Information regarding a delay was only available through the train company's social media channels, not at the station.",Train Delays
194,Train journey became significantly more expensive due to missed connections caused by a delay.,Train Delays
195,Repeated calls to the customer service hotline resulted in busy signals during a train delay.,Train Delays
196,Website crashed while attempting to check for updates on a train delay.,Train Delays
197,Train announcement system provided conflicting information about the cause and duration of the delay.,Train Delays
198,Station staff provided no assistance to passengers with limited mobility during a lengthy delay.,Train Delays
199,"Train cancellation was announced at the last minute, causing scrambling to find alternative travel options.",Train Delays
200,"No clear explanation provided for a train cancellation, leaving passengers frustrated and confused.",Train Delays
201,Received notification of a train cancellation only after arriving at the station.,Train Delays
202,Inaccurate information on the train company's website regarding a train cancellation.,Train Delays
203,Booking system didn't automatically notify passengers about a train cancellation on their booked route.,Train Delays
204,Train company offered limited or inconvenient rebooking options following a cancellation.,Train Delays
205,"Frequent delays on the same route became the norm, making it impossible to rely on the schedule.",Train Delays
206,"Train announcement system malfunctioned entirely during a delay, leaving passengers uninformed.",Train Delays
207,Information screens displayed incorrect arrival times even after the delay had ended.,Train Delays
208,Station staff provided misleading information about the cause and duration of a delay.,Train Delays
209,Train cancellation resulted in missing crucial business meetings or events.,Train Delays
210,No alternative transportation options were offered during a significant train cancellation.,Train Delays
211,Train company's website crashed due to high traffic volume during a major delay.,Train Delays
212,Frequent crashes during booking or accessing information.,website and app issues
213,"Crashes mid-payment, preventing booking completion.",website and app issues
214,"Crashes while logged in, causing loss of booking details.",website and app issues
215,"Website downtime during peak hours, disrupting user experience.",website and app issues
216,"App freezes during seat selection, requiring restart.",website and app issues
217,Error messages displayed when viewing ticket details.,website and app issues
218,App crashes during ticket payment.,website and app issues
219,"Unexpected app logout, losing booking information.",website and app issues
220,"Errors after app update, hindering schedule checks.",website and app issues
221,Extremely slow loading times for basic information.,website and app issues
222,"Significant lag within the app, hindering booking process.",website and app issues
223,"Sluggish website navigation, causing frustration.",website and app issues
224,"Long processing times for actions within the app, delaying ticket purchase.",website and app issues
225,"Poor website responsiveness, leading to lengthy booking confirmation.",website and app issues
226,"1.  Trying to book my train ticket, the website kept crashing.",website and app issues
227,"2.  Every time I visit the train website, it crashes.",website and app issues
228,3.  I was almost done paying for my ticket when the website crashed.,website and app issues
229,4.  I was logged in and checking my booking details when the website crashed.,website and app issues
230,"5.  The train website went down during rush hour, causing inconvenience.",website and app issues
231,"6.  The website layout is so confusing, making it hard to find anything, especially how to book a ticket.",website and app issues
232,7.  The website lacks clear instructions on how to purchase tickets with discount codes.,website and app issues
233,8.  The website offers no live chat support for troubleshooting booking problems.,website and app issues
234,9.  The website's ticket booking confirmation emails often arrive late or not at all.,website and app issues
235,"10. The website uses outdated security protocols, making me hesitant to enter my payment information.",website and app issues
236,11. The website doesn't offer any information about accessibility options on trains or at stations.,website and app issues
237,12. The website lacks clear cancellation and refund policies for train tickets.,website and app issues
238,13. There's no way to contact customer support directly from the website.,website and app issues
239,14. The train website doesn't offer any information about onboard amenities like Wi-Fi availability.,website and app issues
240,15. The website search function is terrible. I can barely find the information I'm looking for.,website and app issues
241,"16. Just as I was about to choose my seat on the app, it froze.",website and app issues
242,17. This error message keeps popping up on the app whenever I try to see my ticket information.,website and app issues
243,18. The app keeps crashing every time I attempt to pay for my train ticket.,website and app issues
244,"19. I was using the app when it unexpectedly logged me out, wiping out all the details of my booking!",website and app issues
245,"20. Updated the train app, and now it shows errors whenever I try to check train schedules.",website and app issues
246,21. The mobile app uses so much data! It drained my phone battery before my trip even started.,website and app issues
247,22. There's no option to switch languages on the train app. This makes it impossible for me to understand anything.,website and app issues
248,23. The app doesn't work properly on my phone model. It keeps crashing and freezing.,website and app issues
249,24. The mobile app doesn't offer push notifications for train schedule updates or delays.,website and app issues
250,25. The mobile app doesn't offer any seat selection options. I have no control over where I sit.,website and app issues
251,26. The app doesn't give clear instructions on how to use stored payment methods for faster booking.,website and app issues
252,27. There's no way to contact customer support directly from the mobile app.,website and app issues
253,28. The mobile app doesn't integrate with any travel planning apps or calendars.,website and app issues
254,29. The app doesn't have a feature to save favorite train routes for easy booking later.,website and app issues
255,30. The train app constantly logs me out. It's inconvenient to have to log in every time I want to check something.,website and app issues
256,31. The train website is painfully slow. It takes forever to even load the basic train schedule information.,website and app issues
257,"32. The app is so laggy, it makes booking a train ticket incredibly difficult.",website and app issues
258,33. Trying to navigate the train website is a nightmare. Every page takes ages to load.,website and app issues
259,34. Every action I take on the app takes forever to process. This is delaying my train ticket purchase.,website and app issues
260,35. The website is so unresponsive. It took ages to confirm my booking even after I paid for the ticket.,website and app issues
261,36. There are way too many distracting pop-ups on the train website.  They make it hard to navigate and find what I need.,website and app issues
262,Error message during checkout: Payment gateway unavailable.,Payment issues
263,Transaction processing failed due to a payment gateway error.,Payment issues
264,"Tried multiple times to pay for a ticket, but kept getting a payment gateway error message.",Payment issues
265,"The website kept redirecting me between the payment gateway and booking page, causing confusion.",Payment issues
266,Payment gateway timed out during checkout. Now I have to start the booking process all over again.,Payment issues
267,No clear information displayed about which payment methods are accepted.,Payment issues
268,"Error message: ""Your bank is not supported.""",Payment issues
269,The payment gateway security check took an unreasonably long time.,Payment issues
270,"Website froze after entering payment information, unsure if payment went through.",Payment issues
271,"Received error message stating ""invalid security code"" for payment method (even though it's correct).",Payment issues
272,"Payment gateway didn't recognize 3D Secure authentication, preventing purchase.",Payment issues
273,Website didn't offer troubleshooting options for payment gateway errors.,Payment issues
274,No contact information displayed for the payment gateway company.,Payment issues
275,Concerned about the security of payment information after a payment gateway error.,Payment issues
276,Payment gateway error message didn't provide specific details about the problem.,Payment issues
277,"My bank account was debited for the ticket, but the booking confirmation never arrived.",Payment issues
278,"Received notification from bank about a failed transaction, but train website shows payment as successful.",Payment issues
279,"Despite sufficient funds, payment for the train ticket kept getting declined.",Payment issues
280,No clear explanation provided for why a legitimate payment transaction failed.,Payment issues
281,"Bank statement shows a pending charge for the train ticket, but the booking never went through.",Payment issues
282,"Contacted train service provider regarding a failed transaction, but received no helpful response.",Payment issues
283,Worried that my bank account might be charged twice due to a failed transaction attempt.,Payment issues
284,The process to claim a refund for a failed train ticket transaction is overly complicated.,Payment issues
285,It took a very long time to receive a refund for a failed train ticket payment.,Payment issues
286,The train website didn't offer live chat support to address failed transaction issues.,Payment issues
287,Discovered an unauthorized charge for a train ticket I never purchased.,Payment issues
288,Someone used my payment information to book a train ticket without my knowledge.,Payment issues
289,Concerned about the security of payment information stored on the train booking website.,Payment issues
290,No clear way to report suspected unauthorized charges on the train website.,Payment issues
291,Train service provider's response to a report of unauthorized charges was slow and unhelpful.,Payment issues
292,Felt frustrated and violated after discovering unauthorized train ticket charges on my account.,Payment issues
293,The process of disputing unauthorized charges for train tickets is lengthy and inconvenient.,Payment issues
294,Difficulty getting in touch with customer support to resolve unauthorized charges.,Payment issues
295,The train booking website should implement stronger security measures to prevent unauthorized transactions.,Payment issues
296,Unsure if personal information is safe after experiencing unauthorized charges on my account.,Payment issues
297,Worried about the possibility of future fraudulent activity on the payment method used for train bookings.,Payment issues
298,Recommendations for stronger password and security protocols not provided by the train booking website.,Payment issues
299,"No two-factor authentication offered on the train website, making it easier for unauthorized access.",Payment issues
300,The train booking website should offer the option to disable account information storage after purchases.,Payment issues
301,Feeling unsafe using the train booking website after encountering unauthorized charges.,Payment issues
302,My luggage never arrived at my destination after a train journey.,Lost items
303,The train staff was unhelpful in assisting with my lost luggage.,Lost items
304,The process for reporting lost luggage on the train website is confusing and time-consuming.,Lost items
305,The train company offered no updates on the status of my lost luggage for several days.,Lost items
306,"I never received my lost luggage back, despite filing a proper report.",Lost items
307,The train company's compensation policy for lost luggage is inadequate.,Lost items
308,My lost luggage contained valuable items that were not covered by the train company's policy.,Lost items
309,The train station lacked proper facilities for storing lost and found luggage.,Lost items
310,I was unable to locate a contact phone number for the lost and found department at the train station.,Lost items
311,The train company's lost and found website is outdated and difficult to navigate.,Lost items
312,The search options on the train company's lost and found website are limited and ineffective.,Lost items
313,I believe my lost luggage may have been stolen on the train.,Lost items
314,The train company did not take any security measures to prevent luggage theft.,Lost items
315,I am concerned about the safety of my belongings when traveling by train.,Lost items
316,The train company should offer a more reliable baggage handling system.,Lost items
317,I left my phone on the train and was unable to retrieve it.,Lost items
318,The train staff did not announce any lost and found items during my journey.,Lost items
319,There were no clear instructions on how to report lost personal belongings on the train.,Lost items
320,The train station lost and found department had limited operating hours.,Lost items
321,I never received a response from the train company after inquiring about my lost belongings.,Lost items
322,My lost personal belongings had sentimental value that cannot be replaced.,Lost items
323,The train company should provide more secure storage for lost and found items.,Lost items
324,The train carriages should be designed to minimize the risk of passengers leaving belongings behind.,Lost items
325,I am disappointed with the train company's lack of effort to reunite passengers with lost items.,Lost items
326,The train company should implement a system for notifying passengers about lost and found items.,Lost items
327,I was unable to claim my unclaimed property at the train station due to unreasonable time restrictions.,Lost items
328,The train company did not notify me about my unclaimed property in a timely manner.,Lost items
329,The process for claiming unclaimed property at the train station was overly bureaucratic.,Lost items
330,The train company disposed of my unclaimed property before the designated holding period.,Lost items
331,I believe the train company may have mishandled my unclaimed property.,Lost items
332,The train company's policy for unclaimed property is unclear and lacks transparency.,Lost items
333,There should be a more efficient system for reuniting passengers with unclaimed property.,Lost items
334,The train company should offer longer holding periods for unclaimed property.,Lost items
335,The train company should improve communication regarding unclaimed property with passengers.,Lost items
336,The train company should implement a more user-friendly system for claiming unclaimed property.,Lost items
337,My luggage never arrived at my destination after a train journey.,Lost items
338,The train staff was unhelpful in assisting with my lost luggage.,Lost items
339,The process for reporting lost luggage on the train website is confusing and time-consuming.,Lost items
340,The train company offered no updates on the status of my lost luggage for several days.,Lost items
341,"I never received my lost luggage back, despite filing a proper report.",Lost items
342,The train company's compensation policy for lost luggage is inadequate. (Expand: Detail specific limitations or unfair aspects of the policy),Lost items
343,My lost luggage contained valuable items that were not covered by the train company's policy. (Expand: Include examples of excluded items),Lost items
344,"The train station lacked proper facilities for storing lost and found luggage. (Describe specific issues like overcrowding, lack of security)",Lost items
345,"I was unable to locate a contact phone number for the lost and found department at the train station. (Mention alternative methods attempted, like email or social media)",Lost items
346,The train company's lost and found website is outdated and difficult to navigate. (Describe specific user interface problems),Lost items
347,The search options on the train company's lost and found website are limited and ineffective. (Give examples of how the search function fails),Lost items
348,I believe my lost luggage may have been stolen on the train. (Describe suspicious circumstances or security concerns),Lost items
349,The train company did not take any security measures to prevent luggage theft. (Specify missing security features like CCTV cameras or baggage seals),Lost items
350,I am concerned about the safety of my belongings when traveling by train. (Expand on specific anxieties related to baggage handling),Lost items
351,The train company should offer a more reliable baggage handling system. (Suggest specific improvements like baggage tracking or priority tags),Lost items
352,The train seats were uncomfortable and offered little legroom for a long journey.,Amenities Issues
353,"The air conditioning system on the train was malfunctioning, making the journey hot and stuffy.",Amenities Issues
354,The train lacked basic amenities like a proper dining car or vending machines for snacks and drinks.,Amenities Issues
355,"The onboard entertainment system wasn't working, leaving passengers with limited options to pass the time.",Amenities Issues
356,"The train was overcrowded, making it difficult to move around or find a comfortable seat.",Amenities Issues
357,The train lacked sufficient charging points for passengers' electronic devices.,Amenities Issues
358,The promised Wi-Fi connection on the train was either unavailable or very slow.,Amenities Issues
359,The lighting on the train was dim and inadequate for reading or working.,Amenities Issues
360,"The train was not properly cleaned before departure, leaving trash and debris on the seats and floor.",Amenities Issues
361,The designated luggage storage areas on the train were overflowing and inconvenient to access.,Amenities Issues
362,"The train was not accessible for passengers with disabilities, lacking ramps or designated seating.",Amenities Issues
363,"The train made numerous unscheduled stops, significantly extending the travel time.",Amenities Issues
364,The train departed late and there were no announcements or explanations for the delay.,Amenities Issues
365,The train staff was unhelpful and unresponsive to passenger concerns about the amenities.,Amenities Issues
366,The overall condition of the train did not meet the standards advertised by the train company.,Amenities Issues
367,"The train coaches were filthy, with overflowing garbage bins and visible stains on the seats and walls.",Amenities Issues
368,The toilets in the train coaches were not cleaned properly and had an unpleasant odor.,Amenities Issues
369,"There was a lack of basic hygiene supplies like soap, toilet paper, or hand sanitizer in the train toilets.",Amenities Issues
370,"Food and drink spills were left uncleaned on the train floor, creating an unsanitary environment.",Amenities Issues
371,The train company did not appear to have any cleaning procedures in place for maintaining the coaches.,Amenities Issues
372,The dirty conditions on the train made the journey unpleasant and potentially hazardous to health.,Amenities Issues
373,I witnessed passengers with allergies experiencing discomfort due to the dust and dirt in the train coaches.,Amenities Issues
374,The presence of insects and vermin on the train was a major concern for hygiene.,Amenities Issues
375,The train company should invest in a more thorough cleaning process for the train coaches.,Amenities Issues
376,"Passengers deserve to travel in a clean and hygienic environment, and the train company is failing to meet this expectation.",Amenities Issues
377,The toilets on the train were malfunctioning and unusable throughout the entire journey.,Amenities Issues
378,"The train staff was unable to fix the non-functional toilets on the train, causing major inconvenience.",Amenities Issues
379,The lack of functioning toilets on a long train journey created a very unsanitary situation.,Amenities Issues
380,"Passengers were forced to hold onto their waste due to the non-functional toilets, causing discomfort and frustration.",Amenities Issues
381,The train company should ensure that all toilets on the train are properly functioning before departure.,Amenities Issues
382,Passengers should be informed in advance if there are any known issues with the toilets on the train.,Amenities Issues
383,The train company should offer alternative solutions or compensation for passengers who experience non-functional toilets.,Amenities Issues
384,The lack of functioning toilets is a serious health and safety concern that needs to be addressed by the train company.,Amenities Issues
385,This incident has negatively impacted my perception of the train company's hygiene standards.,Amenities Issues
386,"Passengers deserve a basic level of comfort and hygiene on train journeys, and non-functional toilets fall short of this expectation.",Amenities Issues
387,"The promised ""first-class"" seating offered minimal upgrades compared to standard class.",Amenities Issues
388,"The lack of luggage assistance services made it difficult to manage heavy bags, especially for elderly or disabled passengers.",Amenities Issues
389,"The promised ""scenic route"" turned out to be a boring and uneventful journey with limited views.",Amenities Issues
390,The train company failed to provide promised amenities like travel pillows or blankets during the journey.,Amenities Issues
391,The lack of designated smoking areas on the train forced smokers to hold in their needs for extended periods.,Amenities Issues
392,"The train made unnecessary stops at stations not listed on the schedule, significantly extending the travel time.",Amenities Issues
393,"The promised ""family-friendly"" features on the train were limited or unavailable during the journey.",Amenities Issues
394,The train company failed to disclose any known maintenance issues with the train amenities before departure.,Amenities Issues
395,"The promised ""express"" train made numerous stops, defeating the purpose of the faster travel time.",Amenities Issues
396,The train company should offer a refund or partial compensation for passengers who experience significant amenity issues during their journey.,Amenities Issues
397,"The train seats were stained and ripped, creating an unhygienic and uncomfortable environment.",Amenities Issues
398,"A strong unpleasant odor permeated the train coaches, making the journey unbearable.",Amenities Issues
399,"The windows on the train were filthy, obstructing the view and reducing natural light.",Amenities Issues
400,Broken seats and malfunctioning tray tables hampered the comfort and functionality of the travel experience.,Amenities Issues
401,The presence of graffiti and vandalism on the train coaches created a negative and unsafe atmosphere.,Amenities Issues
402,The lack of proper ventilation in the train coaches caused stale air and a stuffy feeling.,Amenities Issues
403,My allergies were triggered by the dust and grime present on the train seats and surfaces.,Amenities Issues
404,Passengers with respiratory problems faced discomfort due to the poor air quality in the train coaches.,Amenities Issues
405,The train company should provide disinfectant wipes or hand sanitizer for passengers to clean their surroundings.,Amenities Issues
406,"Passengers deserve a travel experience that prioritizes cleanliness and hygiene, and the train company is failing to deliver.",Amenities Issues
407,"The promised Wi-Fi connection on the train was either unavailable or very slow, making it impossible to work or stream content.",Amenities Issues
408,The onboard entertainment system offered limited choices of outdated movies and music.,Amenities Issues
409,"The promised quiet car was anything but, with noisy passengers and disruptions from other carriages.",Amenities Issues
410,The lack of designated family areas on the train made it difficult to manage young children during the journey.,Amenities Issues
411,The promised pet-friendly carriage was unclean and lacked proper amenities for traveling with pets.,Amenities Issues
412,The on-board dining service was overpriced and offered a limited menu with low-quality food.,Amenities Issues
413,"The vending machines on the train were frequently out of stock or malfunctioning, leaving passengers with no options for snacks or drinks.",Amenities Issues
414,The promised bicycle storage area on the train was overcrowded and inconvenient to access.,Amenities Issues
415,"The train lacked facilities for passengers to dispose of trash properly, leading to litter and unpleasant odors.",Amenities Issues
416,The promised accessible seating for passengers with disabilities was already occupied by non-disabled passengers.,Amenities Issues
417,"The train announcements were unclear and difficult to understand, making it hard to keep track of the journey progress.",Amenities Issues
418,"Witnessed unsafe passenger behavior (e.g., fighting, intoxication) with no intervention from staff.",Safety Issues
419,Train carriage experienced malfunctioning doors that wouldn't close properly.,Safety Issues
420,Poor lighting conditions on platforms or inside carriages created a safety hazard.,Safety Issues
421,Emergency call buttons or intercom systems were found to be malfunctioning.,Safety Issues
422,No clear emergency exit signage or instructions were visible inside the train carriages.,Safety Issues
423,"Observed overcrowding on the train platform or carriage, creating a potential safety risk.",Safety Issues
424,Witnessed a passenger slipping and falling due to a wet or uneven surface at the station.,Safety Issues
425,"Train departure procedures seemed rushed, not allowing enough time for safe boarding.",Safety Issues
426,"Inadequate security presence at the station, raising concerns about passenger safety.",Safety Issues
427,Broken or malfunctioning handrails on staircases or platforms posed a safety hazard.,Safety Issues
428,Announcements regarding emergency procedures were unclear or difficult to understand.,Safety Issues
429,"Train carriage became excessively hot or stuffy, causing discomfort and potential health risks.",Safety Issues
430,Witnessed a passenger struggling to evacuate the train during a simulated emergency drill.,Safety Issues
431,"No designated areas for storing luggage safely, creating a tripping hazard in the aisles.",Safety Issues
432,Onboard staff seemed inadequately trained to handle emergency situations.,Safety Issues
433,Poor maintenance of train tracks or stations raised concerns about potential derailments.,Safety Issues
434,Witnessed aggressive or threatening behavior from another passenger with no response from staff.,Safety Issues
435,Inoperable smoke detectors or fire alarms caused concern about fire safety measures.,Safety Issues
436,Inadequate lighting on staircases or platforms made it difficult to see potential hazards.,Safety Issues
437,Broken windows on the train created a security risk and exposed passengers to the elements.,Safety Issues
438,Lack of clear instructions or signage regarding emergency exits in case of evacuation.,Safety Issues
439,Observed a passenger with a medical emergency and felt the staff response was inadequate.,Safety Issues
440,Witnessed a fight break out between passengers due to overcrowding on the platform.,Safety Issues
441,"Train toilets were in an unsanitary condition, posing a potential health hazard.",Safety Issues
442,No clear procedures for reporting safety hazards or incidents to train staff were provided.,Safety Issues
443,Loose or unsecured objects in overhead compartments created a potential falling hazard.,Safety Issues
444,"Train carriage became overcrowded with limited ventilation, increasing the risk of heatstroke.",Safety Issues
445,Uneven gaps between the train platform and train doors posed a tripping hazard.,Safety Issues
446,Missing or malfunctioning fire extinguishers on board the train raised safety concerns.,Safety Issues
447,"No slip-resistant flooring in the train restrooms, increasing the risk of falls.",Safety Issues
448,Inoperable intercom system prevented passengers from communicating with staff during an emergency.,Safety Issues
449,Witnessed a passenger struggling to deploy the emergency call intercom due to its faulty design.,Safety Issues
450,Lack of clear signage or instructions regarding the use of emergency exits.,Safety Issues
451,Faulty electrical wiring or outlets on the train posed a potential fire hazard.,Safety Issues
452,Unsecured luggage racks created a potential hazard during sudden stops or sharp turns.,Safety Issues
453,No designated areas for storing bicycles safely on board the train.,Safety Issues
454,"Poorly maintained train tracks caused excessive vibrations, raising safety concerns.",Safety Issues
455,"Witnessed unsafe passenger behavior (e.g., fighting, intoxication) with no intervention from staff.",Safety Issues
456,Train carriage experienced malfunctioning doors that wouldn't close properly.,Safety Issues
457,Poor lighting conditions on platforms or inside carriages created a safety hazard.,Safety Issues
458,Emergency call buttons or intercom systems were found to be malfunctioning.,Safety Issues
459,No clear emergency exit signage or instructions were visible inside the train carriages.,Safety Issues
460,"Observed overcrowding on the train platform or carriage, creating a potential safety risk.",Safety Issues
461,Witnessed a passenger slipping and falling due to a wet or uneven surface at the station.,Safety Issues
462,"Train departure procedures seemed rushed, not allowing enough time for safe boarding.",Safety Issues
463,"Inadequate security presence at the station, raising concerns about passenger safety.",Safety Issues
464,Broken or malfunctioning handrails on staircases or platforms posed a safety hazard.,Safety Issues
465,Announcements regarding emergency procedures were unclear or difficult to understand.,Safety Issues
466,"Train carriage became excessively hot or stuffy, causing discomfort and potential health risks.",Safety Issues
467,Witnessed a passenger struggling to evacuate the train during a simulated emergency drill.,Safety Issues
468,"No designated areas for storing luggage safely, creating a tripping hazard in the aisles.",Safety Issues
469,Onboard staff seemed inadequately trained to handle emergency situations.,Safety Issues
470,Poor maintenance of train tracks or stations raised concerns about potential derailments.,Safety Issues
471,Witnessed aggressive or threatening behavior from another passenger with no response from staff.,Safety Issues
472,Inoperable smoke detectors or fire alarms caused concern about fire safety measures.,Safety Issues
473,Inadequate lighting on staircases or platforms made it difficult to see potential hazards.,Safety Issues
474,Broken windows on the train created a security risk and exposed passengers to the elements.,Safety Issues
475,Lack of clear instructions or signage regarding emergency exits in case of evacuation.,Safety Issues
476,Observed a passenger with a medical emergency and felt the staff response was inadequate.,Safety Issues
477,Witnessed a fight break out between passengers due to overcrowding on the platform.,Safety Issues
478,"Train toilets were in an unsanitary condition, posing a potential health hazard.",Safety Issues
479,No clear procedures for reporting safety hazards or incidents to train staff were provided.,Safety Issues
480,Train staff provided inaccurate or misleading information regarding travel options.,Service Complaints
481,Encountered rude or dismissive behavior from staff when seeking assistance.,Service Complaints
482,Long wait times on the customer service hotline with no option for a callback.,Service Complaints
483,Station staff displayed a lack of knowledge or expertise in handling passenger inquiries.,Service Complaints
484,Train company's website offered limited functionality or outdated information.,Service Complaints
485,Inconsistent application of train company policies caused confusion and frustration.,Service Complaints
486,Difficulty reaching a customer service representative via email or social media.,Service Complaints
487,Train staff provided no assistance to passengers with disabilities during boarding or disembarking.,Service Complaints
488,"Unreasonable fees charged for basic customer service actions (e.g., changing a booking).",Service Complaints
489,Train company offered no compensation for inconveniences caused by service disruptions.,Service Complaints
490,Inflexible ticketing policies caused difficulties when travel plans changed unexpectedly.,Service Complaints
491,Unhelpful or automated responses received when contacting customer service.,Service Complaints
492,Train staff displayed a lack of empathy or understanding towards passenger concerns.,Service Complaints
493,Website crashed or malfunctioned while attempting to manage a booking online.,Service Complaints
494,Long queues at the ticket office resulted in missed departure times.,Service Complaints
495,Inaccurate information provided on information screens or departure boards at the station.,Service Complaints
496,Unclear or poorly communicated instructions from train staff regarding travel procedures.,Service Complaints
497,Difficulty obtaining a refund for a canceled train ticket.,Service Complaints
498,Train company offered no alternative travel options in case of missed connections due to delays.,Service Complaints
499,"Uncomfortable or unclean conditions on the train (e.g., excessive noise, overflowing bins).",Service Complaints
500,Inattentive or unresponsive train staff failed to address passenger requests or concerns.,Service Complaints
501,Inaccessible or poorly maintained train stations created difficulties for passengers with disabilities.,Service Complaints
502,Website lacked accessibility features for visually impaired or screen reader users.,Service Complaints
503,Unprofessional or disrespectful behavior from train staff towards passengers.,Service Complaints
504,Long wait times for assistance at the train station information desk.,Service Complaints
